{
	"objectId": "threejsTestObjectvwfdjdv59clb",
	"name": "threejsTestObject",
	"matrix": [],
	"isAnchor": false,
	"version": "3.2.0",
	"deactivated": false,
	"protocol": "R2",
	"tcs": "2ohUMP",
	"visible": false,
	"visibleText": false,
	"visibleEditing": false,
	"memory": {},
	"memoryCameraMatrix": {},
	"memoryProjectionMatrix": {},
	"frames": {
		"threejsTestObjectvwfdjdv59clbthreejsTestTool": {
			"objectId": null,
			"name": "threejsTestTool",
			"visualization": "ar",
			"ar": {
				"x": 11.246424459748368,
				"y": -17.57821798622649,
				"scale": 1.1134017445449893,
				"matrix": []
			},
			"screen": {
				"x": 0,
				"y": 0,
				"scale": 1
			},
			"visible": false,
			"visibleText": false,
			"visibleEditing": false,
			"developer": true,
			"links": {},
			"nodes": {},
			"location": "local",
			"src": "editor",
			"privateData": {},
			"publicData": {},
			"staticCopy": false,
			"distanceScale": 1,
			"groupID": null
		}
	},
	"framesHistory": {},
	"visualization": "ar",
	"zone": "",
	"targetSize": {
		"width": 0.3,
		"height": 0.3
	},
	"isWorldObject": false,
	"timestamp": null,
	"port": 8080
}