{
    "objectId": "threejsTestObjectiWhu5ma2fm8u",
    "name": "threejsTestObject",
    "matrix": [
        1,
        0,
        0,
        0,
        0,
        1,
        0,
        0,
        0,
        0,
        1,
        0,
        0,
        0,
        0,
        1
    ],
    "isAnchor": false,
    "ip": "192.168.0.12",
    "version": "3.2.0",
    "deactivated": false,
    "protocol": "R2",
    "tcs": 0,
    "visible": false,
    "visibleText": false,
    "visibleEditing": false,
    "memory": {},
    "memoryCameraMatrix": {},
    "memoryProjectionMatrix": {},
    "frames": {},
    "framesHistory": {},
    "visualization": "ar",
    "zone": "",
    "targetSize": {
        "width": 0.3,
        "height": 0.3
    },
    "isWorldObject": false,
    "timestamp": null,
    "port": 8080
}