{
	"objectId": "aframeTestObjectLSiiywrur7m9",
	"name": "aframeTestObject",
	"matrix": [],
	"isAnchor": false,
	"ip": "192.168.0.108",
	"version": "3.2.2",
	"deactivated": false,
	"protocol": "R2",
	"tcs": "3sHLIo",
	"visible": false,
	"visibleText": false,
	"visibleEditing": false,
	"memory": {},
	"memoryCameraMatrix": {},
	"memoryProjectionMatrix": {},
	"frames": {
		"aframeTestObjectLSiiywrur7m9aframeTestTool": {
			"objectId": null,
			"name": "aframeTestTool",
			"visualization": "ar",
			"ar": {
				"x": 0,
				"y": 0,
				"scale": 1,
				"matrix": []
			},
			"screen": {
				"x": 0,
				"y": 0,
				"scale": 1
			},
			"visible": false,
			"visibleText": false,
			"visibleEditing": false,
			"developer": true,
			"links": {},
			"nodes": {},
			"location": "local",
			"src": "editor",
			"privateData": {},
			"publicData": {},
			"staticCopy": false,
			"distanceScale": 1,
			"groupID": null
		}
	},
	"framesHistory": {},
	"visualization": "ar",
	"zone": "",
	"targetSize": {
		"width": 0.3,
		"height": 0.3
	},
	"isWorldObject": false,
	"timestamp": null,
	"port": 8080,
	"developer": true
}